{
  "best_metric": null,
  "best_model_checkpoint": null,
  "epoch": 3.5,
  "global_step": 14735,
  "is_hyper_param_search": false,
  "is_local_process_zero": true,
  "is_world_process_zero": true,
  "log_history": [
    {
      "epoch": 0.12,
      "learning_rate": 4.830335934848999e-05,
      "loss": 0.5582,
      "step": 500
    },
    {
      "epoch": 0.24,
      "learning_rate": 4.660671869697998e-05,
      "loss": 0.2667,
      "step": 1000
    },
    {
      "epoch": 0.36,
      "learning_rate": 4.491007804546997e-05,
      "loss": 0.2823,
      "step": 1500
    },
    {
      "epoch": 0.48,
      "learning_rate": 4.321343739395996e-05,
      "loss": 0.467,
      "step": 2000
    },
    {
      "epoch": 0.59,
      "learning_rate": 4.1516796742449956e-05,
      "loss": 0.3648,
      "step": 2500
    },
    {
      "epoch": 0.71,
      "learning_rate": 3.982015609093994e-05,
      "loss": 0.3202,
      "step": 3000
    },
    {
      "epoch": 0.83,
      "learning_rate": 3.812351543942993e-05,
      "loss": 0.2638,
      "step": 3500
    },
    {
      "epoch": 0.95,
      "learning_rate": 3.642687478791992e-05,
      "loss": 0.2043,
      "step": 4000
    },
    {
      "epoch": 1.0,
      "eval_accuracy": 0.9208715596330275,
      "eval_loss": 0.24226322770118713,
      "eval_runtime": 4.0736,
      "eval_samples_per_second": 214.061,
      "step": 4210
    },
    {
      "epoch": 1.07,
      "learning_rate": 3.4730234136409914e-05,
      "loss": 0.2099,
      "step": 4500
    },
    {
      "epoch": 1.19,
      "learning_rate": 3.30335934848999e-05,
      "loss": 0.1835,
      "step": 5000
    },
    {
      "epoch": 1.31,
      "learning_rate": 3.1336952833389886e-05,
      "loss": 0.1989,
      "step": 5500
    },
    {
      "epoch": 1.43,
      "learning_rate": 2.9640312181879882e-05,
      "loss": 0.1689,
      "step": 6000
    },
    {
      "epoch": 1.54,
      "learning_rate": 2.794367153036987e-05,
      "loss": 0.1597,
      "step": 6500
    },
    {
      "epoch": 1.66,
      "learning_rate": 2.6247030878859858e-05,
      "loss": 0.1672,
      "step": 7000
    },
    {
      "epoch": 1.78,
      "learning_rate": 2.4550390227349847e-05,
      "loss": 0.165,
      "step": 7500
    },
    {
      "epoch": 1.9,
      "learning_rate": 2.285374957583984e-05,
      "loss": 0.1469,
      "step": 8000
    },
    {
      "epoch": 2.0,
      "eval_accuracy": 0.9403669724770642,
      "eval_loss": 0.2165183424949646,
      "eval_runtime": 3.9442,
      "eval_samples_per_second": 221.083,
      "step": 8420
    },
    {
      "epoch": 2.02,
      "learning_rate": 2.1157108924329826e-05,
      "loss": 0.1449,
      "step": 8500
    },
    {
      "epoch": 2.14,
      "learning_rate": 1.946046827281982e-05,
      "loss": 0.1268,
      "step": 9000
    },
    {
      "epoch": 2.26,
      "learning_rate": 1.776382762130981e-05,
      "loss": 0.132,
      "step": 9500
    },
    {
      "epoch": 2.38,
      "learning_rate": 1.6067186969799798e-05,
      "loss": 0.1358,
      "step": 10000
    },
    {
      "epoch": 2.49,
      "learning_rate": 1.4370546318289787e-05,
      "loss": 0.1276,
      "step": 10500
    },
    {
      "epoch": 2.61,
      "learning_rate": 1.2673905666779775e-05,
      "loss": 0.1302,
      "step": 11000
    },
    {
      "epoch": 2.73,
      "learning_rate": 1.0977265015269766e-05,
      "loss": 0.1316,
      "step": 11500
    },
    {
      "epoch": 2.85,
      "learning_rate": 9.280624363759756e-06,
      "loss": 0.1319,
      "step": 12000
    },
    {
      "epoch": 2.97,
      "learning_rate": 7.583983712249745e-06,
      "loss": 0.1249,
      "step": 12500
    },
    {
      "epoch": 3.0,
      "eval_accuracy": 0.9403669724770642,
      "eval_loss": 0.26723402738571167,
      "eval_runtime": 3.9672,
      "eval_samples_per_second": 219.801,
      "step": 12630
    },
    {
      "epoch": 3.09,
      "learning_rate": 5.887343060739735e-06,
      "loss": 0.105,
      "step": 13000
    },
    {
      "epoch": 3.21,
      "learning_rate": 4.190702409229726e-06,
      "loss": 0.1062,
      "step": 13500
    },
    {
      "epoch": 3.33,
      "learning_rate": 2.494061757719715e-06,
      "loss": 0.0963,
      "step": 14000
    },
    {
      "epoch": 3.44,
      "learning_rate": 7.974211062097048e-07,
      "loss": 0.1245,
      "step": 14500
    },
    {
      "epoch": 3.5,
      "eval_accuracy": 0.9426605504587156,
      "eval_loss": 0.25146424770355225,
      "eval_runtime": 3.9311,
      "eval_samples_per_second": 221.819,
      "step": 14735
    },
    {
      "epoch": 3.5,
      "step": 14735,
      "total_flos": 60391006007253504,
      "train_runtime": 15394.5806,
      "train_samples_per_second": 0.957
    }
  ],
  "max_steps": 14735,
  "num_train_epochs": 4,
  "total_flos": 60391006007253504,
  "trial_name": null,
  "trial_params": null
}
