{
  "best_metric": null,
  "best_model_checkpoint": null,
  "epoch": 3.500076370856881,
  "global_step": 22915,
  "is_hyper_param_search": false,
  "is_local_process_zero": true,
  "is_world_process_zero": true,
  "log_history": [
    {
      "epoch": 0.08,
      "learning_rate": 4.890901156447742e-05,
      "loss": 0.5054,
      "step": 500
    },
    {
      "epoch": 0.15,
      "learning_rate": 4.7818023128954835e-05,
      "loss": 0.3962,
      "step": 1000
    },
    {
      "epoch": 0.23,
      "learning_rate": 4.672703469343225e-05,
      "loss": 0.3319,
      "step": 1500
    },
    {
      "epoch": 0.31,
      "learning_rate": 4.563604625790967e-05,
      "loss": 0.3222,
      "step": 2000
    },
    {
      "epoch": 0.38,
      "learning_rate": 4.4545057822387084e-05,
      "loss": 0.2891,
      "step": 2500
    },
    {
      "epoch": 0.46,
      "learning_rate": 4.34540693868645e-05,
      "loss": 0.2574,
      "step": 3000
    },
    {
      "epoch": 0.53,
      "learning_rate": 4.236308095134192e-05,
      "loss": 0.2593,
      "step": 3500
    },
    {
      "epoch": 0.61,
      "learning_rate": 4.127209251581933e-05,
      "loss": 0.2581,
      "step": 4000
    },
    {
      "epoch": 0.69,
      "learning_rate": 4.018110408029675e-05,
      "loss": 0.3585,
      "step": 4500
    },
    {
      "epoch": 0.76,
      "learning_rate": 3.9090115644774166e-05,
      "loss": 0.2955,
      "step": 5000
    },
    {
      "epoch": 0.84,
      "learning_rate": 3.799912720925158e-05,
      "loss": 0.2556,
      "step": 5500
    },
    {
      "epoch": 0.92,
      "learning_rate": 3.6908138773729e-05,
      "loss": 0.2926,
      "step": 6000
    },
    {
      "epoch": 0.99,
      "learning_rate": 3.5817150338206415e-05,
      "loss": 0.2913,
      "step": 6500
    },
    {
      "epoch": 1.0,
      "eval_accuracy": 0.909024345597657,
      "eval_loss": 0.2994309961795807,
      "eval_runtime": 23.9859,
      "eval_samples_per_second": 227.758,
      "step": 6547
    },
    {
      "epoch": 1.07,
      "learning_rate": 3.472616190268383e-05,
      "loss": 0.2561,
      "step": 7000
    },
    {
      "epoch": 1.15,
      "learning_rate": 3.3635173467161255e-05,
      "loss": 0.2099,
      "step": 7500
    },
    {
      "epoch": 1.22,
      "learning_rate": 3.254418503163867e-05,
      "loss": 0.2313,
      "step": 8000
    },
    {
      "epoch": 1.3,
      "learning_rate": 3.145319659611608e-05,
      "loss": 0.2383,
      "step": 8500
    },
    {
      "epoch": 1.37,
      "learning_rate": 3.0362208160593497e-05,
      "loss": 0.2264,
      "step": 9000
    },
    {
      "epoch": 1.45,
      "learning_rate": 2.9271219725070913e-05,
      "loss": 0.2204,
      "step": 9500
    },
    {
      "epoch": 1.53,
      "learning_rate": 2.818023128954833e-05,
      "loss": 0.1974,
      "step": 10000
    },
    {
      "epoch": 1.6,
      "learning_rate": 2.708924285402575e-05,
      "loss": 0.2093,
      "step": 10500
    },
    {
      "epoch": 1.68,
      "learning_rate": 2.5998254418503166e-05,
      "loss": 0.2059,
      "step": 11000
    },
    {
      "epoch": 1.76,
      "learning_rate": 2.4907265982980582e-05,
      "loss": 0.1999,
      "step": 11500
    },
    {
      "epoch": 1.83,
      "learning_rate": 2.3816277547458e-05,
      "loss": 0.1949,
      "step": 12000
    },
    {
      "epoch": 1.91,
      "learning_rate": 2.2725289111935415e-05,
      "loss": 0.1878,
      "step": 12500
    },
    {
      "epoch": 1.99,
      "learning_rate": 2.163430067641283e-05,
      "loss": 0.1964,
      "step": 13000
    },
    {
      "epoch": 2.0,
      "eval_accuracy": 0.9359326377448288,
      "eval_loss": 0.2026406079530716,
      "eval_runtime": 24.0865,
      "eval_samples_per_second": 226.807,
      "step": 13094
    },
    {
      "epoch": 2.06,
      "learning_rate": 2.0543312240890248e-05,
      "loss": 0.1692,
      "step": 13500
    },
    {
      "epoch": 2.14,
      "learning_rate": 1.9452323805367664e-05,
      "loss": 0.18,
      "step": 14000
    },
    {
      "epoch": 2.21,
      "learning_rate": 1.836133536984508e-05,
      "loss": 0.1643,
      "step": 14500
    },
    {
      "epoch": 2.29,
      "learning_rate": 1.7270346934322497e-05,
      "loss": 0.1736,
      "step": 15000
    },
    {
      "epoch": 2.37,
      "learning_rate": 1.6179358498799913e-05,
      "loss": 0.1708,
      "step": 15500
    },
    {
      "epoch": 2.44,
      "learning_rate": 1.508837006327733e-05,
      "loss": 0.1574,
      "step": 16000
    },
    {
      "epoch": 2.52,
      "learning_rate": 1.3997381627754746e-05,
      "loss": 0.1717,
      "step": 16500
    },
    {
      "epoch": 2.6,
      "learning_rate": 1.2906393192232164e-05,
      "loss": 0.1477,
      "step": 17000
    },
    {
      "epoch": 2.67,
      "learning_rate": 1.1815404756709578e-05,
      "loss": 0.1522,
      "step": 17500
    },
    {
      "epoch": 2.75,
      "learning_rate": 1.0724416321186996e-05,
      "loss": 0.1493,
      "step": 18000
    },
    {
      "epoch": 2.83,
      "learning_rate": 9.633427885664413e-06,
      "loss": 0.1529,
      "step": 18500
    },
    {
      "epoch": 2.9,
      "learning_rate": 8.54243945014183e-06,
      "loss": 0.1665,
      "step": 19000
    },
    {
      "epoch": 2.98,
      "learning_rate": 7.4514510146192456e-06,
      "loss": 0.1648,
      "step": 19500
    },
    {
      "epoch": 3.0,
      "eval_accuracy": 0.9390444810543658,
      "eval_loss": 0.22382721304893494,
      "eval_runtime": 24.7586,
      "eval_samples_per_second": 220.651,
      "step": 19641
    },
    {
      "epoch": 3.05,
      "learning_rate": 6.360462579096661e-06,
      "loss": 0.1522,
      "step": 20000
    },
    {
      "epoch": 3.13,
      "learning_rate": 5.269474143574078e-06,
      "loss": 0.1426,
      "step": 20500
    },
    {
      "epoch": 3.21,
      "learning_rate": 4.178485708051495e-06,
      "loss": 0.1424,
      "step": 21000
    },
    {
      "epoch": 3.28,
      "learning_rate": 3.087497272528911e-06,
      "loss": 0.1486,
      "step": 21500
    },
    {
      "epoch": 3.36,
      "learning_rate": 1.996508837006328e-06,
      "loss": 0.1355,
      "step": 22000
    },
    {
      "epoch": 3.44,
      "learning_rate": 9.055204014837443e-07,
      "loss": 0.1402,
      "step": 22500
    },
    {
      "epoch": 3.5,
      "eval_accuracy": 0.938129233022149,
      "eval_loss": 0.2418823540210724,
      "eval_runtime": 23.8348,
      "eval_samples_per_second": 229.203,
      "step": 22915
    },
    {
      "epoch": 3.5,
      "step": 22915,
      "total_flos": 93922749134962176,
      "train_runtime": 25050.8972,
      "train_samples_per_second": 0.915
    }
  ],
  "max_steps": 22915,
  "num_train_epochs": 4,
  "total_flos": 93922749134962176,
  "trial_name": null,
  "trial_params": null
}
